benutzer_id,recht_id,freigabe,script
FICom                                   ,AGEDIT                                  ,L,
FICom                                   ,AGTYPEDIT                               ,L,
FICom                                   ,ANW                                     ,L,
FICom                                   ,APEDIT                                  ,V,
FICom                                   ,APS                                     ,K,
FICom                                   ,APSP                                    ,K,
FICom                                   ,ARTAPL                                  ,L,
FICom                                   ,ARTEDIT                                 ,L,
FICom                                   ,ARTSTL                                  ,L,
FICom                                   ,BAB                                     ,L,
FICom                                   ,BATCHKALK                               ,V,
FICom                                   ,BATCHKALKSTART                          ,V,
FICom                                   ,BATCHNKALK                              ,V,
FICom                                   ,BENUTZER                                ,K,
FICom                                   ,benzing                                 ,L,
FICom                                   ,benzinglog                              ,L,
FICom                                   ,BINBOOKING                              ,L,
FICom                                   ,BINRIGHT                                ,L,
FICom                                   ,CAFT                                    ,L,
FICom                                   ,CUSTFEDIT                               ,K,
FICom                                   ,DBTEST                                  ,L,
FICom                                   ,EFUNK                                   ,L,
FICom                                   ,FAABG                                   ,L,
FICom                                   ,FAANSICHT                               ,L,
FICom                                   ,FAAPL                                   ,L,
FICom                                   ,FAEDIT                                  ,L,
FICom                                   ,FARUECK                                 ,K,
FICom                                   ,FASTL                                   ,L,
FICom                                   ,FAUSSCHUSS                              ,L,
FICom                                   ,FAVERWALTEN                             ,V,
FICom                                   ,FAWECHSEL                               ,L,
FICom                                   ,FBESTV                                  ,K,
FICom                                   ,FCTYP                                   ,V,
FICom                                   ,FLISTE                                  ,L,
FICom                                   ,FMILESTONE                              ,L,
FICom                                   ,FNAKA                                   ,V,
FICom                                   ,FPOOL                                   ,L,
FICom                                   ,FPRIOR                                  ,L,
FICom                                   ,FRAUSB                                  ,L,
FICom                                   ,FRBEIST                                 ,L,
FICom                                   ,FRBEST                                  ,L,
FICom                                   ,FRWRG                                   ,L,
FICom                                   ,FSCHICHTPLAN                            ,L,
FICom                                   ,FSERVER                                 ,L,
FICom                                   ,FSTILLSTAND                             ,L,
FICom                                   ,GPEDIT                                  ,L,
FICom                                   ,HEDIT                                   ,L,
FICom                                   ,JOURNAL                                 ,V,
FICom                                   ,KALKOBJ                                 ,V,
FICom                                   ,KSTEDIT                                 ,L,
FICom                                   ,MAEDIT                                  ,L,
FICom                                   ,MEEDIT                                  ,L,
FICom                                   ,MRPPURCHASE                             ,K,
FICom                                   ,MRPWORKORDER                            ,L,
FICom                                   ,MWBTTRANSFER                            ,L,
FICom                                   ,MWBUCHEN                                ,L,
FICom                                   ,MWCHARGE                                ,L,
FICom                                   ,MWEINGANG                               ,L,
FICom                                   ,MWINVENTUR                              ,L,
FICom                                   ,MWJOURNAL                               ,L,
FICom                                   ,MWRESERVATION                           ,L,
FICom                                   ,MWRETROGRAD                             ,L,
FICom                                   ,PANW                                    ,L,
FICom                                   ,PBASIS                                  ,L,
FICom                                   ,PEDIT                                   ,L,
FICom                                   ,PKAL                                    ,L,
FICom                                   ,POCKET                                  ,L,
FICom                                   ,PRAEMIE                                 ,L,
FICom                                   ,PRICEREV                                ,V,
FICom                                   ,PRJ                                     ,L,
FICom                                   ,PRJBASIS                                ,L,
FICom                                   ,PRJCATALOG                              ,L,
FICom                                   ,PRJTEMPLATE                             ,L,
FICom                                   ,PZAUSW                                  ,L,
FICom                                   ,QS-A                                    ,K,
FICom                                   ,QS-AE                                   ,K,
FICom                                   ,QS-PLAN                                 ,K,
FICom                                   ,QS-R                                    ,K,
FICom                                   ,QS-TEXTE                                ,K,
FICom                                   ,RECLAMATION                             ,L,
FICom                                   ,REPORTE                                 ,K,
FICom                                   ,REPORTINSERT                            ,K,
FICom                                   ,SOPTION                                 ,L,
FICom                                   ,SPRACHE                                 ,V,
FICom                                   ,SQL                                     ,K,
FICom                                   ,SYSARTGEN                               ,K,
FICom                                   ,SYSDEBUG                                ,K,
FICom                                   ,SYSFEDIT                                ,K,
FICom                                   ,SYSTEM                                  ,L,
FICom                                   ,TEMPLATE                                ,K,
FICom                                   ,TERMINAL                                ,V,
FICom                                   ,TIMETYPE                                ,V,
FICom                                   ,VERSCHN                                 ,L,
FICom                                   ,VORKALK                                 ,V,
FICom                                   ,WEB-ACCESS                              ,K,
FICom                                   ,WEBAPPS                                 ,K,
FICom                                   ,WKSEDIT                                 ,L,
FICom                                   ,WKZEDIT                                 ,L,
Robin                                   ,AGEDIT                                  ,K,
Robin                                   ,AGTYPEDIT                               ,K,
Robin                                   ,ANW                                     ,K,
Robin                                   ,APEDIT                                  ,K,
Robin                                   ,APS                                     ,K,
Robin                                   ,APSP                                    ,K,
Robin                                   ,ARTAPL                                  ,K,
Robin                                   ,ARTEDIT                                 ,K,
Robin                                   ,ARTSTL                                  ,K,
Robin                                   ,BAB                                     ,K,
Robin                                   ,BATCHKALK                               ,K,
Robin                                   ,BATCHKALKSTART                          ,K,
Robin                                   ,BATCHNKALK                              ,K,
Robin                                   ,BENUTZER                                ,V,
Robin                                   ,benzing                                 ,K,
Robin                                   ,benzinglog                              ,K,
Robin                                   ,BINBOOKING                              ,K,
Robin                                   ,BINRIGHT                                ,K,
Robin                                   ,CAFT                                    ,K,
Robin                                   ,CUSTFEDIT                               ,K,
Robin                                   ,DBTEST                                  ,K,
Robin                                   ,EFUNK                                   ,K,
Robin                                   ,FAABG                                   ,K,
Robin                                   ,FAANSICHT                               ,K,
Robin                                   ,FAAPL                                   ,K,
Robin                                   ,FAEDIT                                  ,K,
Robin                                   ,FARUECK                                 ,K,
Robin                                   ,FASTL                                   ,K,
Robin                                   ,FAUSSCHUSS                              ,K,
Robin                                   ,FAVERWALTEN                             ,K,
Robin                                   ,FAWECHSEL                               ,V,
Robin                                   ,FBESTV                                  ,K,
Robin                                   ,FCTYP                                   ,K,
Robin                                   ,FLISTE                                  ,K,
Robin                                   ,FMILESTONE                              ,K,
Robin                                   ,FNAKA                                   ,K,
Robin                                   ,FPOOL                                   ,K,
Robin                                   ,FPRIOR                                  ,K,
Robin                                   ,FRAUSB                                  ,K,
Robin                                   ,FRBEIST                                 ,K,
Robin                                   ,FRBEST                                  ,K,
Robin                                   ,FRWRG                                   ,K,
Robin                                   ,FSCHICHTPLAN                            ,K,
Robin                                   ,FSERVER                                 ,K,
Robin                                   ,FSTILLSTAND                             ,K,
Robin                                   ,GPEDIT                                  ,K,
Robin                                   ,HEDIT                                   ,K,
Robin                                   ,JOURNAL                                 ,K,
Robin                                   ,KALKOBJ                                 ,K,
Robin                                   ,KSTEDIT                                 ,K,
Robin                                   ,MAEDIT                                  ,K,
Robin                                   ,MEEDIT                                  ,K,
Robin                                   ,MRPPURCHASE                             ,K,
Robin                                   ,MRPWORKORDER                            ,K,
Robin                                   ,MWBTTRANSFER                            ,K,
Robin                                   ,MWBUCHEN                                ,K,
Robin                                   ,MWCHARGE                                ,K,
Robin                                   ,MWEINGANG                               ,K,
Robin                                   ,MWINVENTUR                              ,K,
Robin                                   ,MWJOURNAL                               ,K,
Robin                                   ,MWRESERVATION                           ,K,
Robin                                   ,MWRETROGRAD                             ,K,
Robin                                   ,PANW                                    ,K,
Robin                                   ,PBASIS                                  ,K,
Robin                                   ,PEDIT                                   ,K,
Robin                                   ,PKAL                                    ,K,
Robin                                   ,POCKET                                  ,K,
Robin                                   ,PRAEMIE                                 ,K,
Robin                                   ,PRICEREV                                ,K,
Robin                                   ,PRJ                                     ,K,
Robin                                   ,PRJBASIS                                ,K,
Robin                                   ,PRJCATALOG                              ,K,
Robin                                   ,PRJTEMPLATE                             ,K,
Robin                                   ,PZAUSW                                  ,K,
Robin                                   ,QS-A                                    ,K,
Robin                                   ,QS-AE                                   ,K,
Robin                                   ,QS-PLAN                                 ,K,
Robin                                   ,QS-R                                    ,K,
Robin                                   ,QS-TEXTE                                ,K,
Robin                                   ,RECLAMATION                             ,K,
Robin                                   ,REPORTE                                 ,K,
Robin                                   ,REPORTINSERT                            ,K,
Robin                                   ,SOPTION                                 ,K,
Robin                                   ,SPRACHE                                 ,K,
Robin                                   ,SQL                                     ,K,
Robin                                   ,SYSARTGEN                               ,K,
Robin                                   ,SYSDEBUG                                ,K,
Robin                                   ,SYSFEDIT                                ,K,
Robin                                   ,SYSTEM                                  ,K,
Robin                                   ,TEMPLATE                                ,K,
Robin                                   ,TERMINAL                                ,K,
Robin                                   ,TIMETYPE                                ,K,
Robin                                   ,VERSCHN                                 ,K,
Robin                                   ,VORKALK                                 ,K,
Robin                                   ,WEB-ACCESS                              ,K,
Robin                                   ,WEBAPPS                                 ,K,
Robin                                   ,WKSEDIT                                 ,K,
Robin                                   ,WKZEDIT                                 ,K,
U113002                                 ,AGEDIT                                  ,L,
U113002                                 ,AGTYPEDIT                               ,L,
U113002                                 ,ANW                                     ,K,
U113002                                 ,APEDIT                                  ,V,
U113002                                 ,APS                                     ,L,
U113002                                 ,APSP                                    ,L,
U113002                                 ,ARTAPL                                  ,L,
U113002                                 ,ARTEDIT                                 ,L,
U113002                                 ,ARTSTL                                  ,L,
U113002                                 ,BAB                                     ,L,
U113002                                 ,BATCHKALK                               ,V,
U113002                                 ,BATCHKALKSTART                          ,V,
U113002                                 ,BATCHNKALK                              ,V,
U113002                                 ,BENUTZER                                ,K,
U113002                                 ,benzing                                 ,K,
U113002                                 ,benzinglog                              ,K,
U113002                                 ,BINBOOKING                              ,L,
U113002                                 ,BINRIGHT                                ,L,
U113002                                 ,CAFT                                    ,L,
U113002                                 ,CUSTFEDIT                               ,K,
U113002                                 ,DBTEST                                  ,K,
U113002                                 ,EFUNK                                   ,L,
U113002                                 ,FAABG                                   ,L,
U113002                                 ,FAANSICHT                               ,L,
U113002                                 ,FAAPL                                   ,L,
U113002                                 ,FAEDIT                                  ,L,
U113002                                 ,FARUECK                                 ,V,
U113002                                 ,FASTL                                   ,L,
U113002                                 ,FAUSSCHUSS                              ,L,
U113002                                 ,FAVERWALTEN                             ,L,
U113002                                 ,FAWECHSEL                               ,K,
U113002                                 ,FBESTV                                  ,L,
U113002                                 ,FCTYP                                   ,L,
U113002                                 ,FLISTE                                  ,L,
U113002                                 ,FMILESTONE                              ,L,
U113002                                 ,FNAKA                                   ,L,
U113002                                 ,FPOOL                                   ,L,
U113002                                 ,FPRIOR                                  ,L,
U113002                                 ,FRAUSB                                  ,L,
U113002                                 ,FRBEIST                                 ,L,
U113002                                 ,FRBEST                                  ,L,
U113002                                 ,FRWRG                                   ,L,
U113002                                 ,FSCHICHTPLAN                            ,L,
U113002                                 ,FSERVER                                 ,L,
U113002                                 ,FSTILLSTAND                             ,L,
U113002                                 ,GPEDIT                                  ,L,
U113002                                 ,HEDIT                                   ,L,
U113002                                 ,JOURNAL                                 ,L,
U113002                                 ,KALKOBJ                                 ,V,
U113002                                 ,KSTEDIT                                 ,L,
U113002                                 ,MAEDIT                                  ,L,
U113002                                 ,MEEDIT                                  ,L,
U113002                                 ,MRPPURCHASE                             ,L,
U113002                                 ,MRPWORKORDER                            ,L,
U113002                                 ,MWBTTRANSFER                            ,L,
U113002                                 ,MWBUCHEN                                ,L,
U113002                                 ,MWCHARGE                                ,L,
U113002                                 ,MWEINGANG                               ,L,
U113002                                 ,MWINVENTUR                              ,L,
U113002                                 ,MWJOURNAL                               ,L,
U113002                                 ,MWRESERVATION                           ,L,
U113002                                 ,MWRETROGRAD                             ,L,
U113002                                 ,PANW                                    ,L,
U113002                                 ,PBASIS                                  ,L,
U113002                                 ,PEDIT                                   ,L,
U113002                                 ,PKAL                                    ,L,
U113002                                 ,POCKET                                  ,L,
U113002                                 ,PRAEMIE                                 ,L,
U113002                                 ,PRICEREV                                ,V,
U113002                                 ,PRJ                                     ,L,
U113002                                 ,PRJBASIS                                ,L,
U113002                                 ,PRJCATALOG                              ,L,
U113002                                 ,PRJTEMPLATE                             ,L,
U113002                                 ,PZAUSW                                  ,L,
U113002                                 ,QS-A                                    ,L,
U113002                                 ,QS-AE                                   ,L,
U113002                                 ,QS-PLAN                                 ,L,
U113002                                 ,QS-R                                    ,L,
U113002                                 ,QS-TEXTE                                ,L,
U113002                                 ,RECLAMATION                             ,L,
U113002                                 ,REPORTE                                 ,K,
U113002                                 ,REPORTINSERT                            ,K,
U113002                                 ,SOPTION                                 ,K,
U113002                                 ,SPRACHE                                 ,K,
U113002                                 ,SQL                                     ,K,
U113002                                 ,SYSARTGEN                               ,K,
U113002                                 ,SYSDEBUG                                ,K,
U113002                                 ,SYSFEDIT                                ,K,
U113002                                 ,SYSTEM                                  ,K,
U113002                                 ,TEMPLATE                                ,K,
U113002                                 ,TERMINAL                                ,L,
U113002                                 ,TIMETYPE                                ,V,
U113002                                 ,VERSCHN                                 ,L,
U113002                                 ,VORKALK                                 ,V,
U113002                                 ,WEB-ACCESS                              ,K,
U113002                                 ,WEBAPPS                                 ,K,
U113002                                 ,WKSEDIT                                 ,L,
U113002                                 ,WKZEDIT                                 ,L,
U213001                                 ,AGEDIT                                  ,L,
U213001                                 ,AGTYPEDIT                               ,L,
U213001                                 ,ANW                                     ,K,
U213001                                 ,APEDIT                                  ,V,
U213001                                 ,APS                                     ,L,
U213001                                 ,APSP                                    ,L,
U213001                                 ,ARTAPL                                  ,L,
U213001                                 ,ARTEDIT                                 ,L,
U213001                                 ,ARTSTL                                  ,L,
U213001                                 ,BAB                                     ,L,
U213001                                 ,BATCHKALK                               ,V,
U213001                                 ,BATCHKALKSTART                          ,V,
U213001                                 ,BATCHNKALK                              ,V,
U213001                                 ,BENUTZER                                ,K,
U213001                                 ,benzing                                 ,K,
U213001                                 ,benzinglog                              ,K,
U213001                                 ,BINBOOKING                              ,L,
U213001                                 ,BINRIGHT                                ,L,
U213001                                 ,CAFT                                    ,L,
U213001                                 ,CUSTFEDIT                               ,K,
U213001                                 ,DBTEST                                  ,K,
U213001                                 ,EFUNK                                   ,L,
U213001                                 ,FAABG                                   ,L,
U213001                                 ,FAANSICHT                               ,L,
U213001                                 ,FAAPL                                   ,L,
U213001                                 ,FAEDIT                                  ,L,
U213001                                 ,FARUECK                                 ,V,
U213001                                 ,FASTL                                   ,L,
U213001                                 ,FAUSSCHUSS                              ,L,
U213001                                 ,FAVERWALTEN                             ,L,
U213001                                 ,FAWECHSEL                               ,K,
U213001                                 ,FBESTV                                  ,L,
U213001                                 ,FCTYP                                   ,L,
U213001                                 ,FLISTE                                  ,L,
U213001                                 ,FMILESTONE                              ,L,
U213001                                 ,FNAKA                                   ,L,
U213001                                 ,FPOOL                                   ,L,
U213001                                 ,FPRIOR                                  ,L,
U213001                                 ,FRAUSB                                  ,L,
U213001                                 ,FRBEIST                                 ,L,
U213001                                 ,FRBEST                                  ,L,
U213001                                 ,FRWRG                                   ,L,
U213001                                 ,FSCHICHTPLAN                            ,L,
U213001                                 ,FSERVER                                 ,L,
U213001                                 ,FSTILLSTAND                             ,L,
U213001                                 ,GPEDIT                                  ,L,
U213001                                 ,HEDIT                                   ,L,
U213001                                 ,JOURNAL                                 ,L,
U213001                                 ,KALKOBJ                                 ,V,
U213001                                 ,KSTEDIT                                 ,L,
U213001                                 ,MAEDIT                                  ,L,
U213001                                 ,MEEDIT                                  ,L,
U213001                                 ,MRPPURCHASE                             ,L,
U213001                                 ,MRPWORKORDER                            ,L,
U213001                                 ,MWBTTRANSFER                            ,L,
U213001                                 ,MWBUCHEN                                ,L,
U213001                                 ,MWCHARGE                                ,L,
U213001                                 ,MWEINGANG                               ,L,
U213001                                 ,MWINVENTUR                              ,L,
U213001                                 ,MWJOURNAL                               ,L,
U213001                                 ,MWRESERVATION                           ,L,
U213001                                 ,MWRETROGRAD                             ,L,
U213001                                 ,PANW                                    ,L,
U213001                                 ,PBASIS                                  ,L,
U213001                                 ,PEDIT                                   ,L,
U213001                                 ,PKAL                                    ,L,
U213001                                 ,POCKET                                  ,L,
U213001                                 ,PRAEMIE                                 ,L,
U213001                                 ,PRICEREV                                ,V,
U213001                                 ,PRJ                                     ,L,
U213001                                 ,PRJBASIS                                ,L,
U213001                                 ,PRJCATALOG                              ,L,
U213001                                 ,PRJTEMPLATE                             ,L,
U213001                                 ,PZAUSW                                  ,L,
U213001                                 ,QS-A                                    ,L,
U213001                                 ,QS-AE                                   ,L,
U213001                                 ,QS-PLAN                                 ,L,
U213001                                 ,QS-R                                    ,L,
U213001                                 ,QS-TEXTE                                ,L,
U213001                                 ,RECLAMATION                             ,L,
U213001                                 ,REPORTE                                 ,K,
U213001                                 ,REPORTINSERT                            ,K,
U213001                                 ,SOPTION                                 ,K,
U213001                                 ,SPRACHE                                 ,K,
U213001                                 ,SQL                                     ,K,
U213001                                 ,SYSARTGEN                               ,K,
U213001                                 ,SYSDEBUG                                ,K,
U213001                                 ,SYSFEDIT                                ,K,
U213001                                 ,SYSTEM                                  ,K,
U213001                                 ,TEMPLATE                                ,K,
U213001                                 ,TERMINAL                                ,L,
U213001                                 ,TIMETYPE                                ,V,
U213001                                 ,VERSCHN                                 ,L,
U213001                                 ,VORKALK                                 ,V,
U213001                                 ,WEB-ACCESS                              ,K,
U213001                                 ,WEBAPPS                                 ,K,
U213001                                 ,WKSEDIT                                 ,L,
U213001                                 ,WKZEDIT                                 ,L,
U313008                                 ,ARTEDIT                                 ,L,
U313008                                 ,BINBOOKING                              ,V,
U313008                                 ,MWBTTRANSFER                            ,V,
U313008                                 ,MWBUCHEN                                ,V,
U313008                                 ,MWCHARGE                                ,V,
U313008                                 ,MWEINGANG                               ,V,
U313008                                 ,QS-A                                    ,K,
U313009                                 ,ARTEDIT                                 ,V,
U313009                                 ,MEEDIT                                  ,V,
U313009                                 ,QS-A                                    ,V,
U313009                                 ,QS-AE                                   ,V,
U313009                                 ,QS-PLAN                                 ,V,
U313009                                 ,QS-R                                    ,V,
U313009                                 ,QS-TEXTE                                ,V,
U313010                                 ,FAAPL                                   ,V,
U313010                                 ,FAEDIT                                  ,V,
U313010                                 ,FASTL                                   ,V,
U313012                                 ,ARTAPL                                  ,K,
U313012                                 ,ARTEDIT                                 ,K,
U313012                                 ,ARTSTL                                  ,K,
U313012                                 ,BINRIGHT                                ,K,
U313012                                 ,FAABG                                   ,K,
U313012                                 ,FAAPL                                   ,K,
U313012                                 ,FAEDIT                                  ,K,
U313012                                 ,FARUECK                                 ,K,
U313012                                 ,FASTL                                   ,K,
U313012                                 ,FLISTE                                  ,K,
U313012                                 ,MWBUCHEN                                ,K,
U313012                                 ,TERMINAL                                ,K,
U313013                                 ,AGEDIT                                  ,L,
U313013                                 ,AGTYPEDIT                               ,L,
U313013                                 ,ANW                                     ,K,
U313013                                 ,APEDIT                                  ,V,
U313013                                 ,APS                                     ,L,
U313013                                 ,APSP                                    ,L,
U313013                                 ,ARTAPL                                  ,L,
U313013                                 ,ARTEDIT                                 ,L,
U313013                                 ,ARTSTL                                  ,L,
U313013                                 ,BAB                                     ,L,
U313013                                 ,BATCHKALK                               ,V,
U313013                                 ,BATCHKALKSTART                          ,V,
U313013                                 ,BATCHNKALK                              ,V,
U313013                                 ,BENUTZER                                ,K,
U313013                                 ,benzing                                 ,K,
U313013                                 ,benzinglog                              ,K,
U313013                                 ,BINBOOKING                              ,L,
U313013                                 ,BINRIGHT                                ,L,
U313013                                 ,CAFT                                    ,L,
U313013                                 ,CUSTFEDIT                               ,K,
U313013                                 ,DBTEST                                  ,K,
U313013                                 ,EFUNK                                   ,L,
U313013                                 ,FAABG                                   ,L,
U313013                                 ,FAANSICHT                               ,L,
U313013                                 ,FAAPL                                   ,L,
U313013                                 ,FAEDIT                                  ,L,
U313013                                 ,FARUECK                                 ,V,
U313013                                 ,FASTL                                   ,L,
U313013                                 ,FAUSSCHUSS                              ,L,
U313013                                 ,FAVERWALTEN                             ,L,
U313013                                 ,FAWECHSEL                               ,K,
U313013                                 ,FBESTV                                  ,L,
U313013                                 ,FCTYP                                   ,L,
U313013                                 ,FLISTE                                  ,L,
U313013                                 ,FMILESTONE                              ,L,
U313013                                 ,FNAKA                                   ,V,
U313013                                 ,FPOOL                                   ,L,
U313013                                 ,FPRIOR                                  ,L,
U313013                                 ,FRAUSB                                  ,L,
U313013                                 ,FRBEIST                                 ,L,
U313013                                 ,FRBEST                                  ,L,
U313013                                 ,FRWRG                                   ,L,
U313013                                 ,FSCHICHTPLAN                            ,L,
U313013                                 ,FSERVER                                 ,L,
U313013                                 ,FSTILLSTAND                             ,L,
U313013                                 ,GPEDIT                                  ,L,
U313013                                 ,HEDIT                                   ,L,
U313013                                 ,JOURNAL                                 ,L,
U313013                                 ,KALKOBJ                                 ,V,
U313013                                 ,KSTEDIT                                 ,L,
U313013                                 ,MAEDIT                                  ,L,
U313013                                 ,MEEDIT                                  ,L,
U313013                                 ,MRPPURCHASE                             ,L,
U313013                                 ,MRPWORKORDER                            ,L,
U313013                                 ,MWBTTRANSFER                            ,L,
U313013                                 ,MWBUCHEN                                ,L,
U313013                                 ,MWCHARGE                                ,L,
U313013                                 ,MWEINGANG                               ,L,
U313013                                 ,MWINVENTUR                              ,L,
U313013                                 ,MWJOURNAL                               ,L,
U313013                                 ,MWRESERVATION                           ,L,
U313013                                 ,MWRETROGRAD                             ,L,
U313013                                 ,PANW                                    ,L,
U313013                                 ,PBASIS                                  ,L,
U313013                                 ,PEDIT                                   ,L,
U313013                                 ,PKAL                                    ,L,
U313013                                 ,POCKET                                  ,L,
U313013                                 ,PRAEMIE                                 ,L,
U313013                                 ,PRICEREV                                ,V,
U313013                                 ,PRJ                                     ,L,
U313013                                 ,PRJBASIS                                ,L,
U313013                                 ,PRJCATALOG                              ,L,
U313013                                 ,PRJTEMPLATE                             ,L,
U313013                                 ,PZAUSW                                  ,L,
U313013                                 ,QS-A                                    ,L,
U313013                                 ,QS-AE                                   ,L,
U313013                                 ,QS-PLAN                                 ,L,
U313013                                 ,QS-R                                    ,L,
U313013                                 ,QS-TEXTE                                ,L,
U313013                                 ,RECLAMATION                             ,L,
U313013                                 ,REPORTE                                 ,K,
U313013                                 ,REPORTINSERT                            ,K,
U313013                                 ,SOPTION                                 ,K,
U313013                                 ,SPRACHE                                 ,K,
U313013                                 ,SQL                                     ,K,
U313013                                 ,SYSARTGEN                               ,K,
U313013                                 ,SYSDEBUG                                ,K,
U313013                                 ,SYSFEDIT                                ,K,
U313013                                 ,SYSTEM                                  ,K,
U313013                                 ,TEMPLATE                                ,K,
U313013                                 ,TERMINAL                                ,L,
U313013                                 ,TIMETYPE                                ,V,
U313013                                 ,VERSCHN                                 ,L,
U313013                                 ,VORKALK                                 ,V,
U313013                                 ,WEB-ACCESS                              ,K,
U313013                                 ,WEBAPPS                                 ,K,
U313013                                 ,WKSEDIT                                 ,L,
U313013                                 ,WKZEDIT                                 ,L,
U313014                                 ,AGEDIT                                  ,K,
U313014                                 ,AGTYPEDIT                               ,K,
U313014                                 ,ANW                                     ,K,
U313014                                 ,APEDIT                                  ,K,
U313014                                 ,APS                                     ,K,
U313014                                 ,APSP                                    ,K,
U313014                                 ,ARTAPL                                  ,K,
U313014                                 ,ARTEDIT                                 ,K,
U313014                                 ,ARTSTL                                  ,K,
U313014                                 ,BAB                                     ,K,
U313014                                 ,BATCHKALK                               ,K,
U313014                                 ,BATCHKALKSTART                          ,K,
U313014                                 ,BATCHNKALK                              ,K,
U313014                                 ,BENUTZER                                ,K,
U313014                                 ,benzing                                 ,K,
U313014                                 ,benzinglog                              ,K,
U313014                                 ,BINBOOKING                              ,K,
U313014                                 ,BINRIGHT                                ,K,
U313014                                 ,CAFT                                    ,K,
U313014                                 ,CUSTFEDIT                               ,K,
U313014                                 ,DBTEST                                  ,K,
U313014                                 ,EFUNK                                   ,K,
U313014                                 ,FAABG                                   ,K,
U313014                                 ,FAANSICHT                               ,K,
U313014                                 ,FAAPL                                   ,K,
U313014                                 ,FAEDIT                                  ,K,
U313014                                 ,FARUECK                                 ,K,
U313014                                 ,FASTL                                   ,K,
U313014                                 ,FAUSSCHUSS                              ,K,
U313014                                 ,FAVERWALTEN                             ,K,
U313014                                 ,FAWECHSEL                               ,K,
U313014                                 ,FBESTV                                  ,K,
U313014                                 ,FCTYP                                   ,K,
U313014                                 ,FLISTE                                  ,K,
U313014                                 ,FMILESTONE                              ,K,
U313014                                 ,FNAKA                                   ,K,
U313014                                 ,FPOOL                                   ,K,
U313014                                 ,FPRIOR                                  ,K,
U313014                                 ,FRAUSB                                  ,K,
U313014                                 ,FRBEIST                                 ,K,
U313014                                 ,FRBEST                                  ,K,
U313014                                 ,FRWRG                                   ,K,
U313014                                 ,FSCHICHTPLAN                            ,K,
U313014                                 ,FSERVER                                 ,K,
U313014                                 ,FSTILLSTAND                             ,K,
U313014                                 ,GPEDIT                                  ,K,
U313014                                 ,HEDIT                                   ,K,
U313014                                 ,JOURNAL                                 ,K,
U313014                                 ,KALKOBJ                                 ,K,
U313014                                 ,KSTEDIT                                 ,K,
U313014                                 ,MAEDIT                                  ,K,
U313014                                 ,MEEDIT                                  ,K,
U313014                                 ,MRPPURCHASE                             ,K,
U313014                                 ,MRPWORKORDER                            ,K,
U313014                                 ,MWBTTRANSFER                            ,K,
U313014                                 ,MWBUCHEN                                ,K,
U313014                                 ,MWCHARGE                                ,K,
U313014                                 ,MWEINGANG                               ,K,
U313014                                 ,MWINVENTUR                              ,K,
U313014                                 ,MWJOURNAL                               ,K,
U313014                                 ,MWRESERVATION                           ,K,
U313014                                 ,MWRETROGRAD                             ,K,
U313014                                 ,PANW                                    ,K,
U313014                                 ,PBASIS                                  ,K,
U313014                                 ,PEDIT                                   ,K,
U313014                                 ,PKAL                                    ,K,
U313014                                 ,POCKET                                  ,K,
U313014                                 ,PRAEMIE                                 ,K,
U313014                                 ,PRICEREV                                ,K,
U313014                                 ,PRJ                                     ,K,
U313014                                 ,PRJBASIS                                ,K,
U313014                                 ,PRJCATALOG                              ,K,
U313014                                 ,PRJTEMPLATE                             ,K,
U313014                                 ,PZAUSW                                  ,K,
U313014                                 ,QS-A                                    ,K,
U313014                                 ,QS-AE                                   ,K,
U313014                                 ,QS-PLAN                                 ,K,
U313014                                 ,QS-R                                    ,K,
U313014                                 ,QS-TEXTE                                ,K,
U313014                                 ,RECLAMATION                             ,K,
U313014                                 ,REPORTE                                 ,K,
U313014                                 ,REPORTINSERT                            ,K,
U313014                                 ,SOPTION                                 ,K,
U313014                                 ,SPRACHE                                 ,K,
U313014                                 ,SQL                                     ,K,
U313014                                 ,SYSARTGEN                               ,K,
U313014                                 ,SYSDEBUG                                ,K,
U313014                                 ,SYSFEDIT                                ,K,
U313014                                 ,SYSTEM                                  ,K,
U313014                                 ,TEMPLATE                                ,K,
U313014                                 ,TERMINAL                                ,K,
U313014                                 ,TIMETYPE                                ,K,
U313014                                 ,VERSCHN                                 ,K,
U313014                                 ,VORKALK                                 ,K,
U313014                                 ,WEB-ACCESS                              ,K,
U313014                                 ,WEBAPPS                                 ,K,
U313014                                 ,WKSEDIT                                 ,K,
U313014                                 ,WKZEDIT                                 ,K,
U314018                                 ,FAEDIT                                  ,L,
U314018                                 ,FARUECK                                 ,V,
U314018                                 ,FAVERWALTEN                             ,V,
U314019                                 ,FAEDIT                                  ,L,
U314019                                 ,FARUECK                                 ,V,
U314019                                 ,FAVERWALTEN                             ,V,
U314028                                 ,ARTEDIT                                 ,L,
U314028                                 ,BINBOOKING                              ,V,
U314028                                 ,FARUECK                                 ,V,
U314028                                 ,FAVERWALTEN                             ,V,
U314028                                 ,MWBTTRANSFER                            ,V,
U314028                                 ,MWBUCHEN                                ,V,
U314028                                 ,MWCHARGE                                ,V,
U314028                                 ,MWEINGANG                               ,V,
U314028                                 ,QS-A                                    ,K,
U314028                                 ,TERMINAL                                ,V,
Z001                                    ,APEDIT                                  ,V,
Z001                                    ,ARTEDIT                                 ,V,
Z001                                    ,BINRIGHT                                ,V,
Z001                                    ,MEEDIT                                  ,V,
Z001                                    ,PEDIT                                   ,V,
Z001                                    ,QS-A                                    ,V,
Z001                                    ,QS-AE                                   ,V,
Z001                                    ,QS-PLAN                                 ,V,
Z001                                    ,QS-R                                    ,V,
Z001                                    ,QS-TEXTE                                ,V,
Z001                                    ,TERMINAL                                ,V,
Z002                                    ,AGEDIT                                  ,V,
Z002                                    ,APEDIT                                  ,L,
Z002                                    ,ARTAPL                                  ,V,
Z002                                    ,ARTEDIT                                 ,V,
Z002                                    ,ARTSTL                                  ,V,
Z002                                    ,FAAPL                                   ,V,
Z002                                    ,FAEDIT                                  ,L,
Z002                                    ,FASTL                                   ,V,
Z003                                    ,ARTEDIT                                 ,L,
Z003                                    ,BINBOOKING                              ,V,
Z003                                    ,MWBTTRANSFER                            ,V,
Z003                                    ,MWBUCHEN                                ,V,
Z003                                    ,MWCHARGE                                ,V,
Z003                                    ,MWEINGANG                               ,V,
Z003                                    ,QS-A                                    ,K,
Z003                                    ,TERMINAL                                ,L,
Z004                                    ,FAEDIT                                  ,L,
Z004                                    ,FARUECK                                 ,V,
Z004                                    ,FAVERWALTEN                             ,V,
Z005                                    ,FAAPL                                   ,V,
Z005                                    ,FAEDIT                                  ,V,
Z005                                    ,FASTL                                   ,V,
